<?xml version="1.0" encoding="utf-8"?>
<!--/12053614/790209/2.49/11/4/Connector/-->
<quadcept_library>
  <setting unit="mil" />
  <textstyle name="Default" height="47.244094488189" strokewidth="7.8740157480315" charwidth="47.244094488189" />
  <textstyle name="Dimension" height="19.6850393700787" strokewidth="0" charwidth="19.6850393700787" />
  <textstyle name="H127W0635TH00762" height="50" strokewidth="3" charwidth="25" />
  <textstyle name="H15W15TH02" height="59.0551181102362" strokewidth="7.8740157480315" charwidth="59.0551181102362" />
  <padstyle name="r125_40" surface="True" plated="False" isvia="False" nopaste="False" nomask="True" complex="False" holesize="0">
    <padshape layer="TOP" shape="rectangle" width="15.748031496063" height="49.212598425196" />
    <padshape layer="TOP_SOLDER_MASK" shape="rectangle" width="23.622047244094" height="57.086614173228" />
    <padshape layer="TOP_SOLDER_PASTE" shape="rectangle" width="15.748031496063" height="49.212598425196" />
  </padstyle>
  <padstyle name="c130_h70" surface="False" plated="True" isvia="False" nopaste="True" nomask="True" complex="False" holesize="27.55905511811">
    <padshape layer="TOP" shape="round" width="51.181102362204" height="51.181102362204" />
    <padshape layer="TOP_SOLDER_MASK" shape="round" width="59.055118110235" height="59.055118110235" />
    <padshape layer="INNER" shape="round" width="51.181102362204" height="51.181102362204" />
    <padshape layer="BOTTOM" shape="round" width="51.181102362204" height="51.181102362204" />
    <padshape layer="BOTTOM_SOLDER_MASK" shape="round" width="59.055118110235" height="59.055118110235" />
  </padstyle>
  <padstyle name="c190_h130" surface="False" plated="True" isvia="False" nopaste="True" nomask="True" complex="False" holesize="51.181102362204">
    <padshape layer="TOP" shape="round" width="74.803149606298" height="74.803149606298" />
    <padshape layer="TOP_SOLDER_MASK" shape="round" width="82.67716535433" height="82.67716535433" />
    <padshape layer="INNER" shape="round" width="74.803149606298" height="74.803149606298" />
    <padshape layer="BOTTOM" shape="round" width="74.803149606298" height="74.803149606298" />
    <padshape layer="BOTTOM_SOLDER_MASK" shape="round" width="82.67716535433" height="82.67716535433" />
  </padstyle>
  <padstyle name="r135_60" surface="True" plated="False" isvia="False" nopaste="False" nomask="True" complex="False" holesize="0">
    <padshape layer="TOP" shape="rectangle" width="23.622047244094" height="53.149606299212" />
    <padshape layer="TOP_SOLDER_MASK" shape="rectangle" width="31.496062992126" height="61.023622047243" />
    <padshape layer="TOP_SOLDER_PASTE" shape="rectangle" width="23.622047244094" height="53.149606299212" />
  </padstyle>
  <footprint name="MICROXNJ" originx="0" originy="0" pickpointx="0" pickpointy="0">
    <pcbpin number="1" name="1" style="r125_40" originx="51.181102362204" originy="-187.99212598425" rotation="0" />
    <pcbpin number="2" name="2" style="r125_40" originx="25.590551181102" originy="-187.99212598425" rotation="0" />
    <pcbpin number="3" name="3" style="r125_40" originx="0" originy="-187.99212598425" rotation="0" />
    <pcbpin number="4" name="4" style="r125_40" originx="-25.590551181102" originy="-187.99212598425" rotation="0" />
    <pcbpin number="5" name="5" style="r125_40" originx="-51.181102362204" originy="-187.99212598425" rotation="0" />
    <pcbpin number="6" name="MH1" style="c130_h70" originx="95.472440944881" originy="-188.97637795275" rotation="90" />
    <pcbpin number="7" name="MH2" style="c130_h70" originx="-95.472440944881" originy="-188.97637795275" rotation="90" />
    <pcbpin number="8" name="MH3" style="c190_h130" originx="141.73228346457" originy="-83.858267716534" rotation="90" />
    <pcbpin number="9" name="MH4" style="c190_h130" originx="-141.73228346457" originy="-83.858267716534" rotation="90" />
    <pcbpin number="10" name="MP1" style="r135_60" originx="31.496062992126" originy="-83.661417322834" rotation="0" />
    <pcbpin number="11" name="MP2" style="r135_60" originx="-31.496062992126" originy="-83.661417322834" rotation="0" />
    <line layer="TOP_ASSEMBLY" originx="-141.73228346457" originy="0" endx="141.73228346457" endy="0" width="7.8740157480314" />
    <line layer="TOP_ASSEMBLY" originx="141.73228346457" originy="0" endx="141.73228346457" endy="-199.21259842519" width="7.8740157480314" />
    <line layer="TOP_ASSEMBLY" originx="141.73228346457" originy="-199.21259842519" endx="-141.73228346457" endy="-199.21259842519" width="7.8740157480314" />
    <line layer="TOP_ASSEMBLY" originx="-141.73228346457" originy="-199.21259842519" endx="-141.73228346457" endy="0" width="7.8740157480314" />
    <line layer="TOP_PLACE_BOUND" originx="-198.81889763779" originy="19.685039370078" endx="198.81889763779" endy="19.685039370078" width="3.9370078740157" />
    <line layer="TOP_PLACE_BOUND" originx="198.81889763779" originy="19.685039370078" endx="198.81889763779" endy="-255.90551181102" width="3.9370078740157" />
    <line layer="TOP_PLACE_BOUND" originx="198.81889763779" originy="-255.90551181102" endx="-198.81889763779" endy="-255.90551181102" width="3.9370078740157" />
    <line layer="TOP_PLACE_BOUND" originx="-198.81889763779" originy="-255.90551181102" endx="-198.81889763779" endy="19.685039370078" width="3.9370078740157" />
    <line layer="TOP_SILKSCREEN" originx="47.244094488188" originy="-232.28346456693" endx="47.244094488188" endy="-232.28346456693" width="7.8740157480314" />
    <arc layer="TOP_SILKSCREEN" originx="51.181102362204" originy="-232.28346456693" startangle="180.0" sweepangle="180.0" radius="3.9370078740157" width="7.8740157480314" />
    <line layer="TOP_SILKSCREEN" originx="55.11811023622" originy="-232.28346456693" endx="55.11811023622" endy="-232.28346456693" width="7.8740157480314" />
    <arc layer="TOP_SILKSCREEN" originx="51.181102362204" originy="-232.28346456693" startangle=".0" sweepangle="180.0" radius="3.9370078740157" width="7.8740157480314" />
    <line layer="TOP_SILKSCREEN" originx="-141.73228346457" originy="-137.79527559055" endx="-141.73228346457" endy="-199.21259842519" width="3.9370078740157" />
    <line layer="TOP_SILKSCREEN" originx="-141.73228346457" originy="-199.21259842519" endx="-141.73228346457" endy="-199.21259842519" width="3.9370078740157" />
    <line layer="TOP_SILKSCREEN" originx="-141.73228346457" originy="-199.21259842519" endx="-137.79527559055" endy="-199.21259842519" width="3.9370078740157" />
    <line layer="TOP_SILKSCREEN" originx="141.73228346457" originy="-137.79527559055" endx="141.73228346457" endy="-199.21259842519" width="3.9370078740157" />
    <line layer="TOP_SILKSCREEN" originx="141.73228346457" originy="-199.21259842519" endx="137.79527559055" endy="-199.21259842519" width="3.9370078740157" />
    <line layer="TOP_SILKSCREEN" originx="-141.73228346457" originy="-19.685039370078" endx="-141.73228346457" endy="0" width="3.9370078740157" />
    <line layer="TOP_SILKSCREEN" originx="-141.73228346457" originy="0" endx="141.73228346457" endy="0" width="3.9370078740157" />
    <line layer="TOP_SILKSCREEN" originx="141.73228346457" originy="0" endx="141.73228346457" endy="-19.685039370078" width="3.9370078740157" />
  </footprint>
  <symbol name="MICROXNJ" originx="0" originy="0">
    <line originx="200" originy="100" endx="800" endy="100" width="0" />
    <line originx="800" originy="-600" endx="800" endy="100" width="0" />
    <line originx="800" originy="-600" endx="200" endy="-600" width="0" />
    <line originx="200" originy="100" endx="200" endy="-600" width="0" />
    <sympin number="1" originx="200" originy="0" rotation="180" length="100" width="7.8740157480315" flipped="False">
      <text name="pinname" originx="230" originy="0" style="Default" rotation="0" justify="left" flipped="False" hidden="False" data="1" />
      <text name="pindes" originx="140" originy="20" style="Default" rotation="0" justify="lowerright" flipped="False" hidden="False" data="1" />
    </sympin>
    <sympin number="2" originx="200" originy="-100" rotation="180" length="100" width="7.8740157480315" flipped="False">
      <text name="pinname" originx="230" originy="-100" style="Default" rotation="0" justify="left" flipped="False" hidden="False" data="2" />
      <text name="pindes" originx="140" originy="-80" style="Default" rotation="0" justify="lowerright" flipped="False" hidden="False" data="2" />
    </sympin>
    <sympin number="3" originx="200" originy="-200" rotation="180" length="100" width="7.8740157480315" flipped="False">
      <text name="pinname" originx="230" originy="-200" style="Default" rotation="0" justify="left" flipped="False" hidden="False" data="3" />
      <text name="pindes" originx="140" originy="-180" style="Default" rotation="0" justify="lowerright" flipped="False" hidden="False" data="3" />
    </sympin>
    <sympin number="4" originx="200" originy="-300" rotation="180" length="100" width="7.8740157480315" flipped="False">
      <text name="pinname" originx="230" originy="-300" style="Default" rotation="0" justify="left" flipped="False" hidden="False" data="4" />
      <text name="pindes" originx="140" originy="-280" style="Default" rotation="0" justify="lowerright" flipped="False" hidden="False" data="4" />
    </sympin>
    <sympin number="5" originx="200" originy="-400" rotation="180" length="100" width="7.8740157480315" flipped="False">
      <text name="pinname" originx="230" originy="-400" style="Default" rotation="0" justify="left" flipped="False" hidden="False" data="5" />
      <text name="pindes" originx="140" originy="-380" style="Default" rotation="0" justify="lowerright" flipped="False" hidden="False" data="5" />
    </sympin>
    <sympin number="6" originx="200" originy="-500" rotation="180" length="100" width="7.8740157480315" flipped="False">
      <text name="pinname" originx="230" originy="-500" style="Default" rotation="0" justify="left" flipped="False" hidden="False" data="MH1" />
      <text name="pindes" originx="140" originy="-480" style="Default" rotation="0" justify="lowerright" flipped="False" hidden="False" data="MH1" />
    </sympin>
    <sympin number="7" originx="800" originy="0" rotation="0" length="100" width="7.8740157480315" flipped="False">
      <text name="pinname" originx="770" originy="0" style="Default" rotation="0" justify="right" flipped="False" hidden="False" data="MH2" />
      <text name="pindes" originx="860" originy="20" style="Default" rotation="0" justify="lowerleft" flipped="False" hidden="False" data="MH2" />
    </sympin>
    <sympin number="8" originx="800" originy="-100" rotation="0" length="100" width="7.8740157480315" flipped="False">
      <text name="pinname" originx="770" originy="-100" style="Default" rotation="0" justify="right" flipped="False" hidden="False" data="MH3" />
      <text name="pindes" originx="860" originy="-80" style="Default" rotation="0" justify="lowerleft" flipped="False" hidden="False" data="MH3" />
    </sympin>
    <sympin number="9" originx="800" originy="-200" rotation="0" length="100" width="7.8740157480315" flipped="False">
      <text name="pinname" originx="770" originy="-200" style="Default" rotation="0" justify="right" flipped="False" hidden="False" data="MH4" />
      <text name="pindes" originx="860" originy="-180" style="Default" rotation="0" justify="lowerleft" flipped="False" hidden="False" data="MH4" />
    </sympin>
    <sympin number="10" originx="800" originy="-300" rotation="0" length="100" width="7.8740157480315" flipped="False">
      <text name="pinname" originx="770" originy="-300" style="Default" rotation="0" justify="right" flipped="False" hidden="False" data="MP1" />
      <text name="pindes" originx="860" originy="-280" style="Default" rotation="0" justify="lowerleft" flipped="False" hidden="False" data="MP1" />
    </sympin>
    <sympin number="11" originx="800" originy="-400" rotation="0" length="100" width="7.8740157480315" flipped="False">
      <text name="pinname" originx="770" originy="-400" style="Default" rotation="0" justify="right" flipped="False" hidden="False" data="MP2" />
      <text name="pindes" originx="860" originy="-380" style="Default" rotation="0" justify="lowerleft" flipped="False" hidden="False" data="MP2" />
    </sympin>
  </symbol>
  <component name="MICROXNJ" designatorprefix="J" height="95.472440944881" footprint="MICROXNJ">
    <comppin designator="1" sympin="1" pinswap="0" gateswap="0" gate="1" group="1" side="" type="Any" name="1" />
    <comppin designator="2" sympin="2" pinswap="0" gateswap="0" gate="1" group="1" side="" type="Any" name="2" />
    <comppin designator="3" sympin="3" pinswap="0" gateswap="0" gate="1" group="1" side="" type="Any" name="3" />
    <comppin designator="4" sympin="4" pinswap="0" gateswap="0" gate="1" group="1" side="" type="Any" name="4" />
    <comppin designator="5" sympin="5" pinswap="0" gateswap="0" gate="1" group="1" side="" type="Any" name="5" />
    <comppin designator="MH1" sympin="6" pinswap="0" gateswap="0" gate="1" group="1" side="" type="Any" name="MH1" />
    <comppin designator="MH2" sympin="7" pinswap="0" gateswap="0" gate="1" group="1" side="" type="Any" name="MH2" />
    <comppin designator="MH3" sympin="8" pinswap="0" gateswap="0" gate="1" group="1" side="" type="Any" name="MH3" />
    <comppin designator="MH4" sympin="9" pinswap="0" gateswap="0" gate="1" group="1" side="" type="Any" name="MH4" />
    <comppin designator="MP1" sympin="10" pinswap="0" gateswap="0" gate="1" group="1" side="" type="Any" name="MP1" />
    <comppin designator="MP2" sympin="11" pinswap="0" gateswap="0" gate="1" group="1" side="" type="Any" name="MP2" />
    <attached_symbol gate="1" name="MICROXNJ" />
    <pinmap designator="1" footprintpin="1" />
    <pinmap designator="2" footprintpin="2" />
    <pinmap designator="3" footprintpin="3" />
    <pinmap designator="4" footprintpin="4" />
    <pinmap designator="5" footprintpin="5" />
    <pinmap designator="MH1" footprintpin="6" />
    <pinmap designator="MH2" footprintpin="7" />
    <pinmap designator="MH3" footprintpin="8" />
    <pinmap designator="MH4" footprintpin="9" />
    <pinmap designator="MP1" footprintpin="10" />
    <pinmap designator="MP2" footprintpin="11" />
    <text name="Datasheet" originx="0" originy="0" style="Default" rotation="0" justify="" flipped="False" hidden="True" data="https://datasheet.lcsc.com/szlcsc/1912111437_SHOU-HAN-MicroXNJ_C404969.pdf" />
    <text name="Description" originx="0" originy="0" style="Default" rotation="0" justify="" flipped="False" hidden="True" data="MICRO-USB-SMD_MICROXNJ" />
    <text name="Manufacturer_Name" originx="0" originy="0" style="Default" rotation="0" justify="" flipped="False" hidden="True" data="Shou Han" />
    <text name="Manufacturer_Part_Number" originx="850" originy="200" style="Default" rotation="0" justify="left" flipped="False" hidden="False" data="MICROXNJ" />
    <text name="Mouser Part Number" originx="0" originy="0" style="Default" rotation="0" justify="" flipped="False" hidden="True" data="" />
    <text name="Mouser Price/Stock" originx="0" originy="0" style="Default" rotation="0" justify="" flipped="False" hidden="True" data="" />
    <text name="Arrow Part Number" originx="0" originy="0" style="Default" rotation="0" justify="" flipped="False" hidden="True" data="" />
    <text name="Arrow Price/Stock" originx="0" originy="0" style="Default" rotation="0" justify="" flipped="False" hidden="True" data="" />
  </component>
</quadcept_library>
