Comment,Designator,Footprint,LCSC
47346-0001,J5,47346-0001,C132560
CL31A106KBHNNNE,"C2,C6,C7,C8",CAPC3216X180N,C13585
HT75xx-1-SOT89,U1,SOT-89-3,C14289
AC0402FR-07536KL,"R6,R7",RESC1005X37N,C144748
ALS-PT19-315C/L177/TR8,"A1,A2",XDCR_ALS-PT19-315C_L177_TR8,C146233
CC0603KRX7R9BB104,"C13,C3,C4",CAPC1608X90N,C14663
AO3401A,Q1,SOT95P280X125-3N,C15127
10nF,C1,CAPC1608X90N,C15195
CL10A105KB8NNNC,"C10,C9",CAPC1608X90N,C15849
TP4056-42-ESOP8,IC4,SOIC127P600X175-9N,C16581
CL21C101JBANNNC,C5,CAPC2012X75N,C1790
RC0603FR-071KL,"R10,R11,R12,R13,R14,R2,R4,R5,R8,R9",RESC1608X55N,C22548
0603WAF1201T5E,R1,RESC1608X55N,C22765
SS14,"D1,D2",DIOM5227X270N,C2480
10k,R3,RESC1608X55N,C25804
MTP125-1103S1,"J12,J13,J14,J15,J8",HDRV3W64P0X254_1X3_762X250X885P,C358685
PZ254V-11-02P,"J10,J6,J7,J9",HDRV2W64P0X254_1X2_508X250X873P,C492401
CL10A335KP8NNNC,"C11,C12",CAPC1608X90N,C51412
AT24C256C-SSHL-T,IC3,SOIC127P600X175-8N,C6482
19-217_GHC-YR1S2_3T,"LED1,LED2",LEDC1608X50N,C72043
ICH-340-CTT,J11,DIPS762W74P254L5080H338Q40N,C84681
LM358DT,"IC1,IC2",SOIC127P600X175-8N,C9418
