Designator,Val,Package,Mid X,Mid Y,Rotation,Layer
A1,ALS-PT19-315C/L177/TR8,XDCR_ALS-PT19-315C_L177_TR8,136.0,-115.5,0.0,top
A2,ALS-PT19-315C/L177/TR8,XDCR_ALS-PT19-315C_L177_TR8,153.75,-94.25,0.0,top
C1,10nF,CAPC1608X90N,128.5,-98.5,90.0,top
C2,CL31A106KBHNNNE,CAPC3216X180N,120.25,-92.25,0.0,top
C3,100nF,CAPC1608X90N,127.0,-64.5,180.0,top
C4,100nF,CAPC1608X90N,134.25,-123.25,0.0,top
C5,CL21C101JBANNNC,CAPC2012X75N,162.25,-117.0,0.0,top
C6,CL31A106KBHNNNE,CAPC3216X180N,112.25,-111.0,180.0,top
C7,CL31A106KBHNNNE,CAPC3216X180N,93.0,-111.25,0.0,top
C8,CL31A106KBHNNNE,CAPC3216X180N,117.5,-116.25,0.0,top
C9,CL10A105KB8NNNC,CAPC1608X90N,154.75,-122.75,0.0,top
C10,CL10A105KB8NNNC,CAPC1608X90N,149.0,-73.0,0.0,top
C11,CL10A335KP8NNNC,CAPC1608X90N,141.0,-112.5,0.0,top
C12,CL10A335KP8NNNC,CAPC1608X90N,142.75,-94.0,0.0,top
C13,CC0603KRX7R9BB104,CAPC1608X90N,126.0,-69.46,90.0,top
D1,SS14,DIOM5227X270N,98.75,-103.75,-90.0,top
D2,SS14,DIOM5227X270N,99.75,-94.75,0.0,top
IC1,LM358DT,SOIC127P600X175-8N,137.0,-104.25,0.0,top
IC2,LM358DT,SOIC127P600X175-8N,150.25,-104.0,0.0,top
IC3,AT24C256C-SSHL-T,SOIC127P600X175-8N,128.25,-117.0,90.0,top
IC4,TP4056-42-ESOP8,SOIC127P600X175-9N,121.5,-103.0,180.0,top
J1,Conn_01x33_Female,PinHeader_1x33_P2.54mm_Vertical,173.87,-77.28,-90.0,top
J2,Conn_01x33_Female,PinSocket_1x33_P2.54mm_Vertical,173.87,-87.44,-90.0,top
J3,Conn_01x33_Female,PinSocket_1x33_P2.54mm_Vertical,173.87,-128.08,-90.0,top
J4,Conn_01x33_Female,PinHeader_1x33_P2.54mm_Vertical,173.87,-138.24,-90.0,top
J5,47346-0001,47346-0001,180.25,-107.0,-90.0,top
J6,PZ254V-11-02P,HDRV2W64P0X254_1X2_508X250X873P,129.48,-69.0,0.0,top
J7,PZ254V-11-02P,HDRV2W64P0X254_1X2_508X250X873P,136.23,-69.0,0.0,top
J8,MTP125-1103S1,HDRV3W64P0X254_1X3_762X250X885P,98.0,-52.71,-90.0,top
J9,PZ254V-11-02P,HDRV2W64P0X254_1X2_508X250X873P,122.5,-70.77,90.0,top
J10,PZ254V-11-02P,HDRV2W64P0X254_1X2_508X250X873P,83.25,-52.75,-90.0,top
J11,ICH-340-CTT,DIPS762W74P254L5080H338Q40N,126.37,-60.06,90.0,top
J12,MTP125-1103S1,HDRV3W64P0X254_1X3_762X250X885P,92.25,-57.75,90.0,top
J13,MTP125-1103S1,HDRV3W64P0X254_1X3_762X250X885P,83.25,-67.79,90.0,top
J14,MTP125-1103S1,HDRV3W64P0X254_1X3_762X250X885P,134.79,-73.25,180.0,top
J15,MTP125-1103S1,HDRV3W64P0X254_1X3_762X250X885P,152.0,-64.0,-90.0,top
LED1,19-217_GHC-YR1S2_3T,LEDC1608X50N,101.25,-113.75,0.0,top
LED2,19-217_GHC-YR1S2_3T,LEDC1608X50N,101.5,-120.75,180.0,top
Q1,AO3401A,SOT95P280X125-3N,106.25,-101.75,180.0,top
R1,0603WAF1201T5E,RESC1608X55N,111.0,-93.0,0.0,top
R2,RC0603FR-071KL,RESC1608X55N,113.5,-107.75,0.0,top
R3,10k,RESC1608X55N,119.0,-122.5,0.0,top
R4,RC0603FR-071KL,RESC1608X55N,148.5,-93.0,0.0,top
R5,RC0603FR-071KL,RESC1608X55N,136.0,-91.25,0.0,top
R6,AC0402FR-07536KL,RESC1005X37N,160.25,-107.75,0.0,top
R7,AC0402FR-07536KL,RESC1005X37N,155.75,-73.0,0.0,top
R8,RC0603FR-071KL,RESC1608X55N,132.25,-99.0,0.0,top
R9,RC0603FR-071KL,RESC1608X55N,141.75,-116.75,0.0,top
R10,RC0603FR-071KL,RESC1608X55N,129.5,-105.25,180.0,top
R11,RC0603FR-071KL,RESC1608X55N,164.75,-93.25,0.0,top
R12,RC0603FR-071KL,RESC1608X55N,160.0,-112.75,90.0,top
R13,RC0603FR-071KL,RESC1608X55N,147.25,-112.5,90.0,top
R14,RC0603FR-071KL,RESC1608X55N,109.25,-121.0,0.0,top
U1,HT75xx-1-SOT89,SOT-89-3,93.5,-103.0,-90.0,top
