<?xml version="1.0" encoding="utf-8"?>
<!--/233052/791165/2.49/5/4/Connector/-->
<quadcept_library>
  <setting unit="mil" />
  <textstyle name="Default" height="47.244094488189" strokewidth="7.8740157480315" charwidth="47.244094488189" />
  <textstyle name="Dimension" height="19.6850393700787" strokewidth="0" charwidth="19.6850393700787" />
  <textstyle name="H127W0635TH00762" height="50" strokewidth="3" charwidth="25" />
  <textstyle name="H15W15TH02" height="59.0551181102362" strokewidth="7.8740157480315" charwidth="59.0551181102362" />
  <padstyle name="r138_45" surface="True" plated="False" isvia="False" nopaste="False" nomask="True" complex="False" holesize="0">
    <padshape layer="TOP" shape="rectangle" width="17.716535433071" height="54.330708661417" />
    <padshape layer="TOP_SOLDER_MASK" shape="rectangle" width="25.590551181102" height="62.204724409448" />
    <padshape layer="TOP_SOLDER_PASTE" shape="rectangle" width="17.716535433071" height="54.330708661417" />
  </padstyle>
  <padstyle name="r210_147.5" surface="True" plated="False" isvia="False" nopaste="False" nomask="True" complex="False" holesize="0">
    <padshape layer="TOP" shape="rectangle" width="58.070866141732" height="82.67716535433" />
    <padshape layer="TOP_SOLDER_MASK" shape="rectangle" width="65.944881889763" height="90.551181102361" />
    <padshape layer="TOP_SOLDER_PASTE" shape="rectangle" width="58.070866141732" height="82.67716535433" />
  </padstyle>
  <padstyle name="r190_117.5" surface="True" plated="False" isvia="False" nopaste="False" nomask="True" complex="False" holesize="0">
    <padshape layer="TOP" shape="rectangle" width="46.259842519684" height="74.803149606298" />
    <padshape layer="TOP_SOLDER_MASK" shape="rectangle" width="54.133858267716" height="82.67716535433" />
    <padshape layer="TOP_SOLDER_PASTE" shape="rectangle" width="46.259842519684" height="74.803149606298" />
  </padstyle>
  <padstyle name="r237.5_190" surface="True" plated="False" isvia="False" nopaste="False" nomask="True" complex="False" holesize="0">
    <padshape layer="TOP" shape="rectangle" width="74.803149606298" height="93.503937007873" />
    <padshape layer="TOP_SOLDER_MASK" shape="rectangle" width="82.67716535433" height="101.3779527559" />
    <padshape layer="TOP_SOLDER_PASTE" shape="rectangle" width="74.803149606298" height="93.503937007873" />
  </padstyle>
  <footprint name="47346-0001" originx="0" originy="0" pickpointx="0" pickpointy="0">
    <pcbpin number="1" name="1" style="r138_45" originx="51.181102362204" originy="-189.37007874016" rotation="0" />
    <pcbpin number="2" name="2" style="r138_45" originx="25.590551181102" originy="-189.37007874016" rotation="0" />
    <pcbpin number="3" name="3" style="r138_45" originx="0" originy="-189.37007874016" rotation="0" />
    <pcbpin number="4" name="4" style="r138_45" originx="-25.590551181102" originy="-189.37007874016" rotation="0" />
    <pcbpin number="5" name="5" style="r138_45" originx="-51.181102362204" originy="-189.37007874016" rotation="0" />
    <pcbpin number="6" name="6" style="r210_147.5" originx="-96.555118110235" originy="-175.1968503937" rotation="0" />
    <pcbpin number="7" name="7" style="r210_147.5" originx="96.555118110235" originy="-175.1968503937" rotation="0" />
    <pcbpin number="8" name="8" style="r190_117.5" originx="32.972440944881" originy="-84.645669291338" rotation="0" />
    <pcbpin number="9" name="9" style="r190_117.5" originx="-32.972440944881" originy="-84.645669291338" rotation="0" />
    <pcbpin number="10" name="10" style="r237.5_190" originx="114.66535433071" originy="-84.645669291338" rotation="90" />
    <pcbpin number="11" name="11" style="r237.5_190" originx="-114.66535433071" originy="-84.645669291338" rotation="90" />
    <line layer="TOP_ASSEMBLY" originx="-147.63779527559" originy="0" endx="147.63779527559" endy="0" width="7.8740157480314" />
    <line layer="TOP_ASSEMBLY" originx="147.63779527559" originy="0" endx="147.63779527559" endy="-196.85039370078" width="7.8740157480314" />
    <line layer="TOP_ASSEMBLY" originx="147.63779527559" originy="-196.85039370078" endx="-147.63779527559" endy="-196.85039370078" width="7.8740157480314" />
    <line layer="TOP_ASSEMBLY" originx="-147.63779527559" originy="-196.85039370078" endx="-147.63779527559" endy="0" width="7.8740157480314" />
    <line layer="TOP_SILKSCREEN" originx="-147.63779527559" originy="0" endx="147.63779527559" endy="0" width="7.8740157480314" />
    <line layer="TOP_SILKSCREEN" originx="147.63779527559" originy="-196.85039370078" endx="147.63779527559" endy="-132.79527559055" width="7.8740157480314" />
    <line layer="TOP_SILKSCREEN" originx="-147.63779527559" originy="-196.85039370078" endx="-147.63779527559" endy="-132.79527559055" width="7.8740157480314" />
    <arc layer="TOP_SILKSCREEN" originx="61.889763779527" originy="-227.95275590551" startangle="180" sweepangle="180" radius="1.8066929133858" width="7.8740157480314" />
    <arc layer="TOP_SILKSCREEN" originx="61.889763779527" originy="-227.95275590551" startangle="180" sweepangle="-180" radius="1.8066929133858" width="7.8740157480314" />
  </footprint>
  <symbol name="47346-0001" originx="0" originy="0">
    <line originx="-100" originy="700" endx="500" endy="700" width="0" />
    <line originx="500" originy="200" endx="500" endy="700" width="0" />
    <line originx="500" originy="200" endx="-100" endy="200" width="0" />
    <line originx="-100" originy="700" endx="-100" endy="200" width="0" />
    <sympin number="1" originx="400" originy="200" rotation="270" length="100" width="7.8740157480315" flipped="False">
      <text name="pinname" originx="400" originy="230" style="Default" rotation="0" justify="left" flipped="False" hidden="False" data="VBUS" />
      <text name="pindes" originx="380" originy="140" style="Default" rotation="0" justify="lowerright" flipped="False" hidden="False" data="1" />
    </sympin>
    <sympin number="2" originx="300" originy="200" rotation="270" length="100" width="7.8740157480315" flipped="False">
      <text name="pinname" originx="300" originy="230" style="Default" rotation="0" justify="left" flipped="False" hidden="False" data="D-" />
      <text name="pindes" originx="280" originy="140" style="Default" rotation="0" justify="lowerright" flipped="False" hidden="False" data="2" />
    </sympin>
    <sympin number="3" originx="200" originy="200" rotation="270" length="100" width="7.8740157480315" flipped="False">
      <text name="pinname" originx="200" originy="230" style="Default" rotation="0" justify="left" flipped="False" hidden="False" data="D+" />
      <text name="pindes" originx="180" originy="140" style="Default" rotation="0" justify="lowerright" flipped="False" hidden="False" data="3" />
    </sympin>
    <sympin number="4" originx="100" originy="200" rotation="270" length="100" width="7.8740157480315" flipped="False">
      <text name="pinname" originx="100" originy="230" style="Default" rotation="0" justify="left" flipped="False" hidden="False" data="ID" />
      <text name="pindes" originx="80" originy="140" style="Default" rotation="0" justify="lowerright" flipped="False" hidden="False" data="4" />
    </sympin>
    <sympin number="5" originx="0" originy="200" rotation="270" length="100" width="7.8740157480315" flipped="False">
      <text name="pinname" originx="0" originy="230" style="Default" rotation="0" justify="left" flipped="False" hidden="False" data="GND" />
      <text name="pindes" originx="-20" originy="140" style="Default" rotation="0" justify="lowerright" flipped="False" hidden="False" data="5" />
    </sympin>
  </symbol>
  <component name="47346-0001" designatorprefix="J" height="0" footprint="47346-0001">
    <comppin designator="1" sympin="1" pinswap="0" gateswap="0" gate="1" group="1" side="" type="Any" name="VBUS" />
    <comppin designator="2" sympin="2" pinswap="0" gateswap="0" gate="1" group="1" side="" type="Any" name="D-" />
    <comppin designator="3" sympin="3" pinswap="0" gateswap="0" gate="1" group="1" side="" type="Any" name="D+" />
    <comppin designator="4" sympin="4" pinswap="0" gateswap="0" gate="1" group="1" side="" type="Any" name="ID" />
    <comppin designator="5" sympin="5" pinswap="0" gateswap="0" gate="1" group="1" side="" type="Any" name="GND" />
    <attached_symbol gate="1" name="47346-0001" />
    <pinmap designator="1" footprintpin="1" />
    <pinmap designator="2" footprintpin="2" />
    <pinmap designator="3" footprintpin="3" />
    <pinmap designator="4" footprintpin="4" />
    <pinmap designator="5" footprintpin="5" />
    <text name="Datasheet" originx="0" originy="0" style="Default" rotation="0" justify="" flipped="False" hidden="True" data="http://www.molex.com/pdm_docs/sd/473460001_sd.pdf" />
    <text name="Description" originx="0" originy="0" style="Default" rotation="0" justify="" flipped="False" hidden="True" data="Micro USB B Receptacle Bottom Mount Assy Molex Right Angle SMT Type B Version 2.0 Micro USB Connector Socket, 30 V ac, 1A 47352 MICRO-USB" />
    <text name="Manufacturer_Name" originx="0" originy="0" style="Default" rotation="0" justify="" flipped="False" hidden="True" data="Molex" />
    <text name="Manufacturer_Part_Number" originx="550" originy="800" style="Default" rotation="0" justify="left" flipped="False" hidden="False" data="47346-0001" />
    <text name="Mouser Part Number" originx="0" originy="0" style="Default" rotation="0" justify="" flipped="False" hidden="True" data="538-47346-0001" />
    <text name="Mouser Price/Stock" originx="0" originy="0" style="Default" rotation="0" justify="" flipped="False" hidden="True" data="https://www.mouser.co.uk/ProductDetail/Molex/47346-0001?qs=c2CV6XM0DweJBWaSeyWeCw%3D%3D" />
    <text name="Arrow Part Number" originx="0" originy="0" style="Default" rotation="0" justify="" flipped="False" hidden="True" data="" />
    <text name="Arrow Price/Stock" originx="0" originy="0" style="Default" rotation="0" justify="" flipped="False" hidden="True" data="" />
  </component>
</quadcept_library>
