<?xml version="1.0" encoding="utf-8"?>
<!--/12887481/790209/2.49/2/3/Schottky Diode/-->
<quadcept_library>
  <setting unit="mil" />
  <textstyle name="Default" height="47.244094488189" strokewidth="7.8740157480315" charwidth="47.244094488189" />
  <textstyle name="Dimension" height="19.6850393700787" strokewidth="0" charwidth="19.6850393700787" />
  <textstyle name="H127W0635TH00762" height="50" strokewidth="3" charwidth="25" />
  <textstyle name="H15W15TH02" height="59.0551181102362" strokewidth="7.8740157480315" charwidth="59.0551181102362" />
  <padstyle name="r108.5_55" surface="True" plated="False" isvia="False" nopaste="False" nomask="True" complex="False" holesize="0">
    <padshape layer="TOP" shape="rectangle" width="21.653543307086" height="42.71653543307" />
    <padshape layer="TOP_SOLDER_MASK" shape="rectangle" width="29.527559055118" height="50.590551181102" />
    <padshape layer="TOP_SOLDER_PASTE" shape="rectangle" width="21.653543307086" height="42.71653543307" />
  </padstyle>
  <footprint name="SOD2513X117N" originx="0" originy="0" pickpointx="0" pickpointy="0">
    <pcbpin number="1" name="1" style="r108.5_55" originx="-44.881889763779" originy="0" rotation="90" />
    <pcbpin number="2" name="2" style="r108.5_55" originx="44.881889763779" originy="0" rotation="90" />
    <line layer="TOP_PLACE_BOUND" originx="-77.75590551181" originy="45.275590551181" endx="77.75590551181" endy="45.275590551181" width="1.9685039370079" />
    <line layer="TOP_PLACE_BOUND" originx="77.75590551181" originy="45.275590551181" endx="77.75590551181" endy="-45.275590551181" width="1.9685039370079" />
    <line layer="TOP_PLACE_BOUND" originx="77.75590551181" originy="-45.275590551181" endx="-77.75590551181" endy="-45.275590551181" width="1.9685039370079" />
    <line layer="TOP_PLACE_BOUND" originx="-77.75590551181" originy="-45.275590551181" endx="-77.75590551181" endy="45.275590551181" width="1.9685039370079" />
    <line layer="TOP_ASSEMBLY" originx="-32.67716535433" originy="25.1968503937" endx="32.67716535433" endy="25.1968503937" width="3.9370078740157" />
    <line layer="TOP_ASSEMBLY" originx="32.67716535433" originy="25.1968503937" endx="32.67716535433" endy="-25.1968503937" width="3.9370078740157" />
    <line layer="TOP_ASSEMBLY" originx="32.67716535433" originy="-25.1968503937" endx="-32.67716535433" endy="-25.1968503937" width="3.9370078740157" />
    <line layer="TOP_ASSEMBLY" originx="-32.67716535433" originy="-25.1968503937" endx="-32.67716535433" endy="25.1968503937" width="3.9370078740157" />
    <line layer="TOP_ASSEMBLY" originx="-32.67716535433" originy="3.8582677165354" endx="-11.338582677165" endy="25.1968503937" width="3.9370078740157" />
    <line layer="TOP_SILKSCREEN" originx="-66.220472440944" originy="25.1968503937" endx="32.67716535433" endy="25.1968503937" width="7.8740157480314" />
    <line layer="TOP_SILKSCREEN" originx="-32.67716535433" originy="-25.1968503937" endx="32.67716535433" endy="-25.1968503937" width="7.8740157480314" />
  </footprint>
  <symbol name="BAT60JFILM" originx="0" originy="0">
    <line originx="300" originy="100" endx="300" endy="-100" width="0" />
    <line originx="300" originy="100" endx="340" endy="100" width="0" />
    <line originx="340" originy="60" endx="340" endy="100" width="0" />
    <line originx="300" originy="-100" endx="260" endy="-100" width="0" />
    <line originx="260" originy="-60" endx="260" endy="-100" width="0" />
    <line originx="200" originy="0" endx="300" endy="0" width="0" />
    <line originx="500" originy="0" endx="600" endy="0" width="0" />
    <sympin number="1" originx="200" originy="0" rotation="180" length="100" width="7.8740157480315" flipped="False">
      <text name="pinname" originx="240" originy="10" style="Default" rotation="0" justify="left" flipped="False" hidden="True" data="K" />
      <text name="pindes" originx="160" originy="10" style="Default" rotation="0" justify="lowerright" flipped="False" hidden="False" data="1" />
    </sympin>
    <sympin number="2" originx="600" originy="0" rotation="0" length="100" width="7.8740157480315" flipped="False">
      <text name="pinname" originx="560" originy="10" style="Default" rotation="0" justify="right" flipped="False" hidden="True" data="A" />
      <text name="pindes" originx="640" originy="10" style="Default" rotation="0" justify="lowerleft" flipped="False" hidden="False" data="2" />
    </sympin>
    <polygon type="polygon">
      <point x="300" y="0" />
      <point x="500" y="100" />
      <point x="500" y="-100" />
    </polygon>
  </symbol>
  <component name="BAT60JFILM" designatorprefix="D" height="46.062992125984" footprint="SOD2513X117N">
    <comppin designator="1" sympin="1" pinswap="0" gateswap="0" gate="1" group="1" side="" type="Any" name="K" />
    <comppin designator="2" sympin="2" pinswap="0" gateswap="0" gate="1" group="1" side="" type="Any" name="A" />
    <attached_symbol gate="1" name="BAT60JFILM" />
    <pinmap designator="1" footprintpin="1" />
    <pinmap designator="2" footprintpin="2" />
    <text name="Datasheet" originx="0" originy="0" style="Default" rotation="0" justify="" flipped="False" hidden="True" data="https://www.mouser.jp/datasheet/2/389/cd00001944-1795661.pdf" />
    <text name="Description" originx="0" originy="0" style="Default" rotation="0" justify="" flipped="False" hidden="True" data="SMALL SIGNAL SCHOTTKY DIODE" />
    <text name="Manufacturer_Name" originx="0" originy="0" style="Default" rotation="0" justify="" flipped="False" hidden="True" data="STMicroelectronics" />
    <text name="Manufacturer_Part_Number" originx="500" originy="250" style="Default" rotation="0" justify="left" flipped="False" hidden="False" data="BAT60JFILM" />
    <text name="Mouser Part Number" originx="0" originy="0" style="Default" rotation="0" justify="" flipped="False" hidden="True" data="511-BAT60JFILM" />
    <text name="Mouser Price/Stock" originx="0" originy="0" style="Default" rotation="0" justify="" flipped="False" hidden="True" data="https://www.mouser.co.uk/ProductDetail/STMicroelectronics/BAT60JFILM?qs=GnFZssByvVVVnMaukcyLZg%3D%3D" />
    <text name="Arrow Part Number" originx="0" originy="0" style="Default" rotation="0" justify="" flipped="False" hidden="True" data="BAT60JFILM" />
    <text name="Arrow Price/Stock" originx="0" originy="0" style="Default" rotation="0" justify="" flipped="False" hidden="True" data="https://www.arrow.com/en/products/bat60jfilm/stmicroelectronics?region=europe" />
  </component>
</quadcept_library>
