Comment;Designator;Footprint;LCSC
ALS-PT19-315C/L177/TR8;A1,A2;SamacSys_Parts:XDCR_ALS-PT19-315C_L177_TR8;C146233
3.7V;BT1;Battery:BatteryHolder_Keystone_1042_1x18650;
10nF;C1;SamacSys_Parts:CAPC1608X90N;C15195
CL10A335KP8NNNC;C11,C12;SamacSys_Parts:CAPC1608X90N;C51412
CC0603KRX7R9BB104;C13;CAPC1608X90N;C14663
100nF;C2,C5;SamacSys_Parts:CAPC1608X90N;C14663
CL10A475KA8NQNC;C3,C4,C6;SamacSys_Parts_Microcontroller:CAPC1608X95N;C69335
1uF;C7,C8;SamacSys_Parts:CAPC1608X90N;C15849
CL10A105KB8NNNC;C9,C10;SamacSys_Parts:CAPC1608X90N;C15849
LED;D1;SamacSys_Parts:LEDC1608X70N;C264544
BAT60J;D2,D3;Diode_SMD:D_SOD-323;C133103
Ferrite_Bead;FB1;SamacSys_Parts:BEADC1608X95N;C1002
LM358DT;IC1,IC2;SamacSys_Parts:SOIC127P600X175-8N;C9481
AT24C256C-SSHL-T;IC3;SamacSys_Parts:SOIC127P600X175-8N;C6482
Conn_01x33_Female;J1,J4;Connector_PinHeader_2.54mm:PinHeader_1x33_P2.54mm_Vertical;
Conn_01x33_Female;J2,J3;Connector_PinSocket_2.54mm:PinSocket_1x33_P2.54mm_Vertical;
47346-0001;J5;SamacSys_Parts_Power:47346-0001;C132560
PZ254V-11-02P;J6,J7;SamacSys_Parts:HDRV2W64P0X254_1X2_508X250X873P;C492401
MTP125-1103S1;J8;SamacSys_Parts:HDRV3W64P0X254_1X3_762X250X885P;C358685
PZ254V-11-02P;J9;HDRV2W64P0X254_1X2_508X250X873P;C492401
STM32F030C8Tx;MCU1;Package_QFP:LQFP-48_7x7mm_P0.5mm;
IRF9540NPbF;Q1;SamacSys_Parts_Power:TO254P469X1042X1967-3P;C2575
2k;R1;SamacSys_Parts:RESC1005X35N;C433871
RC0805FR-07470RL;R2;SamacSys_Parts_Microcontroller:RESC2012X60N;C114564
10k;R3;SamacSys_Parts:RESC1608X55N;C25804
RC0603FR-071KL;R4,R5,R8,R9,R10,R11,R12,R13;SamacSys_Parts:RESC1608X55N;C22548
AC0402FR-07536KL;R6,R7;SamacSys_Parts:RESC1005X37N;C144748
5017;TP1,TP2,TP3,TP4,TP8,TP9;SamacSys_Parts:5017;C238130
5017;TP5,TP6,TP7;5017;C238130
MCP73831-2-OT;U1;Package_TO_SOT_SMD:SOT-23-5;C424093
FT232RL;U2;Package_SO:SSOP-28_5.3x10.2mm_P0.65mm;C8690
MCP1700-3302E_TO92;U3;Package_TO_SOT_THT:TO-92_Inline;C39051
