<?xml version="1.0" encoding="utf-8"?>
<!--/708813/790209/2.49/3/4/MOSFET (P-Channel)/-->
<quadcept_library>
  <setting unit="mil" />
  <textstyle name="Default" height="47.244094488189" strokewidth="7.8740157480315" charwidth="47.244094488189" />
  <textstyle name="Dimension" height="19.6850393700787" strokewidth="0" charwidth="19.6850393700787" />
  <textstyle name="H127W0635TH00762" height="50" strokewidth="3" charwidth="25" />
  <textstyle name="H15W15TH02" height="59.0551181102362" strokewidth="7.8740157480315" charwidth="59.0551181102362" />
  <padstyle name="c192_h128" surface="False" plated="True" isvia="False" nopaste="True" nomask="True" complex="False" holesize="50.393700787401">
    <padshape layer="TOP" shape="round" width="75.590551181101" height="75.590551181101" />
    <padshape layer="TOP_SOLDER_MASK" shape="round" width="83.464566929133" height="83.464566929133" />
    <padshape layer="INNER" shape="round" width="75.590551181101" height="75.590551181101" />
    <padshape layer="BOTTOM" shape="round" width="75.590551181101" height="75.590551181101" />
    <padshape layer="BOTTOM_SOLDER_MASK" shape="round" width="83.464566929133" height="83.464566929133" />
  </padstyle>
  <padstyle name="s192_h128" surface="False" plated="True" isvia="False" nopaste="True" nomask="True" complex="False" holesize="50.393700787401">
    <padshape layer="TOP" shape="square" width="75.590551181101" height="75.590551181101" />
    <padshape layer="TOP_SOLDER_MASK" shape="square" width="83.464566929133" height="83.464566929133" />
    <padshape layer="INNER" shape="round" width="75.590551181101" height="75.590551181101" />
    <padshape layer="BOTTOM" shape="square" width="75.590551181101" height="75.590551181101" />
    <padshape layer="BOTTOM_SOLDER_MASK" shape="square" width="83.464566929133" height="83.464566929133" />
  </padstyle>
  <footprint name="TO254P469X1042X1967-3P" originx="0" originy="0" pickpointx="0" pickpointy="0">
    <pcbpin number="1" name="1" style="s192_h128" originx="0" originy="0" rotation="90" />
    <pcbpin number="2" name="2" style="c192_h128" originx="99.999999999999" originy="0" rotation="90" />
    <pcbpin number="3" name="3" style="c192_h128" originx="200" originy="0" rotation="90" />
    <line layer="TOP_PLACE_BOUND" originx="-117.32283464567" originy="135.62992125984" endx="317.32283464567" endy="135.62992125984" width="1.9685039370079" />
    <line layer="TOP_PLACE_BOUND" originx="317.32283464567" originy="135.62992125984" endx="317.32283464567" endy="-68.700787401574" width="1.9685039370079" />
    <line layer="TOP_PLACE_BOUND" originx="317.32283464567" originy="-68.700787401574" endx="-117.32283464567" endy="-68.700787401574" width="1.9685039370079" />
    <line layer="TOP_PLACE_BOUND" originx="-117.32283464567" originy="-68.700787401574" endx="-117.32283464567" endy="135.62992125984" width="1.9685039370079" />
    <line layer="TOP_ASSEMBLY" originx="-107.48031496063" originy="125.7874015748" endx="307.48031496063" endy="125.7874015748" width="3.9370078740157" />
    <line layer="TOP_ASSEMBLY" originx="307.48031496063" originy="125.7874015748" endx="307.48031496063" endy="-58.858267716535" width="3.9370078740157" />
    <line layer="TOP_ASSEMBLY" originx="307.48031496063" originy="-58.858267716535" endx="-107.48031496063" endy="-58.858267716535" width="3.9370078740157" />
    <line layer="TOP_ASSEMBLY" originx="-107.48031496063" originy="-58.858267716535" endx="-107.48031496063" endy="125.7874015748" width="3.9370078740157" />
    <line layer="TOP_ASSEMBLY" originx="-107.48031496063" originy="75.787401574802" endx="-57.480314960629" endy="125.7874015748" width="3.9370078740157" />
    <line layer="TOP_SILKSCREEN" originx="307.48031496063" originy="-58.858267716535" endx="307.48031496063" endy="125.7874015748" width="7.8740157480314" />
    <line layer="TOP_SILKSCREEN" originx="307.48031496063" originy="125.7874015748" endx="-107.48031496063" endy="125.7874015748" width="7.8740157480314" />
    <line layer="TOP_SILKSCREEN" originx="-107.48031496063" originy="125.7874015748" endx="-107.48031496063" endy="0" width="7.8740157480314" />
  </footprint>
  <symbol name="IRF9540NPBF" originx="0" originy="0">
    <line originx="300" originy="100" endx="300" endy="-100" width="0" />
    <line originx="300" originy="200" endx="300" endy="300" width="0" />
    <line originx="100" originy="0" endx="200" endy="0" width="0" />
    <line originx="200" originy="200" endx="200" endy="0" width="0" />
    <line originx="300" originy="100" endx="230" endy="100" width="0" />
    <line originx="300" originy="200" endx="230" endy="200" width="0" />
    <line originx="230" originy="0" endx="300" endy="0" width="0" />
    <line originx="230" originy="220" endx="230" endy="180" width="0" />
    <line originx="230" originy="-20" endx="230" endy="20" width="0" />
    <line originx="230" originy="80" endx="230" endy="120" width="0" />
    <arc originx="250" originy="100" startangle="180" sweepangle="180" radius="150" width="0" />
    <arc originx="250" originy="100" startangle="180" sweepangle="-180" radius="150" width="0" />
    <sympin number="1" originx="100" originy="0" rotation="180" length="100" width="7.8740157480315" flipped="False">
      <text name="pinname" originx="0" originy="-20" style="Default" rotation="0" justify="upperleft" flipped="False" hidden="True" data="G" />
      <text name="pindes" originx="80" originy="10" style="Default" rotation="0" justify="lowerright" flipped="False" hidden="False" data="1" />
    </sympin>
    <sympin number="2" originx="300" originy="300" rotation="90" length="100" width="7.8740157480315" flipped="False">
      <text name="pinname" originx="320" originy="400" style="Default" rotation="90" justify="upperleft" flipped="False" hidden="True" data="D" />
      <text name="pindes" originx="280" originy="400" style="Default" rotation="90" justify="upperright" flipped="False" hidden="False" data="2" />
    </sympin>
    <sympin number="3" originx="300" originy="-100" rotation="270" length="100" width="7.8740157480315" flipped="False">
      <text name="pinname" originx="320" originy="-200" style="Default" rotation="90" justify="lowerleft" flipped="False" hidden="True" data="S" />
      <text name="pindes" originx="280" originy="-200" style="Default" rotation="90" justify="lowerright" flipped="False" hidden="False" data="3" />
    </sympin>
    <polygon type="polygon">
      <point x="300" y="100" />
      <point x="260" y="120" />
      <point x="260" y="80" />
    </polygon>
  </symbol>
  <component name="IRF9540NPBF" designatorprefix="Q" height="184.64566929134" footprint="TO254P469X1042X1967-3P">
    <comppin designator="1" sympin="1" pinswap="0" gateswap="0" gate="1" group="1" side="" type="Ground" name="G" />
    <comppin designator="2" sympin="2" pinswap="0" gateswap="0" gate="1" group="1" side="" type="Output" name="D" />
    <comppin designator="3" sympin="3" pinswap="0" gateswap="0" gate="1" group="1" side="" type="Power" name="S" />
    <attached_symbol gate="1" name="IRF9540NPBF" />
    <pinmap designator="1" footprintpin="1" />
    <pinmap designator="2" footprintpin="2" />
    <pinmap designator="3" footprintpin="3" />
    <text name="Datasheet" originx="0" originy="0" style="Default" rotation="0" justify="" flipped="False" hidden="True" data="https://www.infineon.com/dgdl/irf9540npbf.pdf?fileId=5546d462533600a401535611cfa21dc8" />
    <text name="Description" originx="0" originy="0" style="Default" rotation="0" justify="" flipped="False" hidden="True" data="Infineon IRF9540NPBF P-channel MOSFET, 23 A, 100 V HEXFET, 3-Pin TO-220AB" />
    <text name="Manufacturer_Name" originx="0" originy="0" style="Default" rotation="0" justify="" flipped="False" hidden="True" data="Infineon" />
    <text name="Manufacturer_Part_Number" originx="450" originy="50" style="Default" rotation="0" justify="left" flipped="False" hidden="False" data="IRF9540NPBF" />
    <text name="Mouser Part Number" originx="0" originy="0" style="Default" rotation="0" justify="" flipped="False" hidden="True" data="942-IRF9540NPBF" />
    <text name="Mouser Price/Stock" originx="0" originy="0" style="Default" rotation="0" justify="" flipped="False" hidden="True" data="https://www.mouser.co.uk/ProductDetail/Infineon-IR/IRF9540NPBF?qs=9%252BKlkBgLFf0vnuA8mxUPtw%3D%3D" />
    <text name="Arrow Part Number" originx="0" originy="0" style="Default" rotation="0" justify="" flipped="False" hidden="True" data="IRF9540NPBF" />
    <text name="Arrow Price/Stock" originx="0" originy="0" style="Default" rotation="0" justify="" flipped="False" hidden="True" data="https://www.arrow.com/en/products/irf9540npbf/infineon-technologies-ag?region=nac" />
  </component>
</quadcept_library>
