<?xml version="1.0" encoding="utf-8"?>
<!--/251239/789538/2.49/2/5/Resistor/-->
<quadcept_library>
  <setting unit="mil" />
  <textstyle name="Default" height="47.244094488189" strokewidth="7.8740157480315" charwidth="47.244094488189" />
  <textstyle name="Dimension" height="19.6850393700787" strokewidth="0" charwidth="19.6850393700787" />
  <textstyle name="H127W0635TH00762" height="50" strokewidth="3" charwidth="25" />
  <textstyle name="H15W15TH02" height="59.0551181102362" strokewidth="7.8740157480315" charwidth="59.0551181102362" />
  <padstyle name="r90_65" surface="True" plated="False" isvia="False" nopaste="False" nomask="True" complex="False" holesize="0">
    <padshape layer="TOP" shape="rectangle" width="25.590551181102" height="35.433070866141" />
    <padshape layer="TOP_SOLDER_MASK" shape="rectangle" width="33.464566929133" height="43.307086614173" />
    <padshape layer="TOP_SOLDER_PASTE" shape="rectangle" width="25.590551181102" height="35.433070866141" />
  </padstyle>
  <footprint name="ERJ3EKF1000V" originx="0" originy="0" pickpointx="0" pickpointy="0">
    <pcbpin number="1" name="1" style="r90_65" originx="-28.543307086614" originy="0" rotation="0" />
    <pcbpin number="2" name="2" style="r90_65" originx="28.543307086614" originy="0" rotation="0" />
    <line layer="TOP_ASSEMBLY" originx="-31.496062992126" originy="-15.748031496063" endx="31.496062992126" endy="-15.748031496063" width="3.9370078740157" />
    <line layer="TOP_ASSEMBLY" originx="31.496062992126" originy="-15.748031496063" endx="31.496062992126" endy="15.748031496063" width="3.9370078740157" />
    <line layer="TOP_ASSEMBLY" originx="31.496062992126" originy="15.748031496063" endx="-31.496062992126" endy="15.748031496063" width="3.9370078740157" />
    <line layer="TOP_ASSEMBLY" originx="-31.496062992126" originy="15.748031496063" endx="-31.496062992126" endy="-15.748031496063" width="3.9370078740157" />
    <line layer="TOP_PLACE_BOUND" originx="-80.708661417322" originy="57.086614173228" endx="80.708661417322" endy="57.086614173228" width="3.9370078740157" />
    <line layer="TOP_PLACE_BOUND" originx="80.708661417322" originy="57.086614173228" endx="80.708661417322" endy="-57.086614173228" width="3.9370078740157" />
    <line layer="TOP_PLACE_BOUND" originx="80.708661417322" originy="-57.086614173228" endx="-80.708661417322" endy="-57.086614173228" width="3.9370078740157" />
    <line layer="TOP_PLACE_BOUND" originx="-80.708661417322" originy="-57.086614173228" endx="-80.708661417322" endy="57.086614173228" width="3.9370078740157" />
    <line layer="TOP_SILKSCREEN" originx="-59.055118110235" originy="3.9370078740157" endx="-59.055118110235" endy="3.9370078740157" width="7.8740157480314" />
    <arc layer="TOP_SILKSCREEN" originx="-59.055118110235" originy="0" startangle="90.0" sweepangle="180.0" radius="3.9370078740157" width="7.8740157480314" />
    <line layer="TOP_SILKSCREEN" originx="-59.055118110235" originy="-3.9370078740157" endx="-59.055118110235" endy="-3.9370078740157" width="7.8740157480314" />
    <arc layer="TOP_SILKSCREEN" originx="-59.055118110235" originy="0" startangle="-90.0" sweepangle="180.0" radius="3.9370078740157" width="7.8740157480314" />
  </footprint>
  <symbol name="ERJ3GEY0R00V" originx="0" originy="0">
    <line originx="200" originy="50" endx="500" endy="50" width="0" />
    <line originx="500" originy="-50" endx="500" endy="50" width="0" />
    <line originx="500" originy="-50" endx="200" endy="-50" width="0" />
    <line originx="200" originy="50" endx="200" endy="-50" width="0" />
    <sympin number="1" originx="200" originy="0" rotation="180" length="100" width="7.8740157480315" flipped="False">
      <text name="pinname" originx="0" originy="-10" style="Default" rotation="0" justify="upperleft" flipped="False" hidden="True" data="1" />
      <text name="pindes" originx="0" originy="10" style="Default" rotation="0" justify="lowerleft" flipped="False" hidden="False" data="1" />
    </sympin>
    <sympin number="2" originx="500" originy="0" rotation="0" length="100" width="7.8740157480315" flipped="False">
      <text name="pinname" originx="700" originy="-10" style="Default" rotation="0" justify="upperright" flipped="False" hidden="True" data="2" />
      <text name="pindes" originx="700" originy="10" style="Default" rotation="0" justify="lowerright" flipped="False" hidden="False" data="2" />
    </sympin>
  </symbol>
  <component name="ERJ3GEY0R00V" designatorprefix="R" height="21.653543307086" footprint="ERJ3EKF1000V">
    <comppin designator="1" sympin="1" pinswap="0" gateswap="0" gate="1" group="1" side="" type="Any" name="1" />
    <comppin designator="2" sympin="2" pinswap="0" gateswap="0" gate="1" group="1" side="" type="Any" name="2" />
    <attached_symbol gate="1" name="ERJ3GEY0R00V" />
    <pinmap designator="1" footprintpin="1" />
    <pinmap designator="2" footprintpin="2" />
    <text name="Datasheet" originx="0" originy="0" style="Default" rotation="0" justify="" flipped="False" hidden="True" data="https://datasheet.datasheetarchive.com/originals/distributors/SFDatasheet-1/sf-00039130.pdf" />
    <text name="Description" originx="0" originy="0" style="Default" rotation="0" justify="" flipped="False" hidden="True" data="Panasonic ERJ3G Series Thick Film Surface Mount Fixed Resistor 603 Case 0" />
    <text name="Manufacturer_Name" originx="0" originy="0" style="Default" rotation="0" justify="" flipped="False" hidden="True" data="Panasonic" />
    <text name="Manufacturer_Part_Number" originx="550" originy="150" style="Default" rotation="0" justify="left" flipped="False" hidden="False" data="ERJ3GEY0R00V" />
    <text name="Mouser Part Number" originx="0" originy="0" style="Default" rotation="0" justify="" flipped="False" hidden="True" data="" />
    <text name="Mouser Price/Stock" originx="0" originy="0" style="Default" rotation="0" justify="" flipped="False" hidden="True" data="" />
    <text name="Arrow Part Number" originx="0" originy="0" style="Default" rotation="0" justify="" flipped="False" hidden="True" data="" />
    <text name="Arrow Price/Stock" originx="0" originy="0" style="Default" rotation="0" justify="" flipped="False" hidden="True" data="" />
  </component>
</quadcept_library>
